,trans_hour,trans_day,trans_month,trans_year,upi_number,age,trans_amount,0
2087,22.0,16.0,3.0,2022.0,7662000506.0,56.0,810.44,
1915,22.0,3.0,11.0,2022.0,7662000334.0,54.0,309.91,
479,23.0,18.0,1.0,2022.0,6900000033.0,31.0,9.33,
1898,1.0,3.0,11.0,2022.0,7662000317.0,61.0,18.24,
741,8.0,29.0,1.0,2022.0,6900000295.0,75.0,129.12,
1718,1.0,3.0,5.0,2022.0,7662000137.0,39.0,465.34,
565,22.0,21.0,1.0,2022.0,6900000119.0,44.0,3.14,
1037,19.0,2.0,8.0,2022.0,9678000012.0,80.0,702.32,
2140,3.0,19.0,3.0,2022.0,7662000559.0,24.0,466.76,
1229,20.0,15.0,2.0,2022.0,9678000204.0,49.0,905.1,
544,23.0,20.0,1.0,2022.0,6900000098.0,63.0,1043.2,
2137,2.0,19.0,3.0,2022.0,7662000556.0,35.0,690.94,
1835,23.0,3.0,8.0,2022.0,7662000254.0,73.0,49.08,
1265,13.0,17.0,2.0,2022.0,9101000008.0,19.0,2.42,
1123,9.0,2.0,12.0,2022.0,9678000098.0,47.0,231.84,
1689,4.0,3.0,4.0,2022.0,7662000108.0,48.0,44.34,
2378,18.0,26.0,3.0,2022.0,7662000797.0,31.0,27.13,
1907,14.0,3.0,11.0,2022.0,7662000326.0,21.0,3.54,
518,3.0,20.0,1.0,2022.0,6900000072.0,59.0,271.91,
1798,23.0,3.0,7.0,2022.0,7662000217.0,64.0,965.21,
746,14.0,29.0,1.0,2022.0,6900000300.0,14.0,57.46,
772,14.0,30.0,1.0,2022.0,7086000001.0,32.0,282.39,
1957,7.0,13.0,3.0,2022.0,7662000376.0,73.0,60.02,
1592,23.0,28.0,2.0,2022.0,7662000011.0,78.0,66.11,
1204,11.0,14.0,2.0,2022.0,9678000179.0,40.0,33.79,
729,0.0,29.0,1.0,2022.0,6900000283.0,56.0,11.33,
1421,22.0,23.0,2.0,2022.0,9101000164.0,52.0,828.62,
978,14.0,2.0,7.0,2022.0,7086000207.0,52.0,768.32,
535,22.0,20.0,1.0,2022.0,6900000089.0,47.0,261.01,
1602,3.0,28.0,2.0,2022.0,7662000021.0,25.0,13.1,
507,23.0,19.0,1.0,2022.0,6900000061.0,47.0,238.27,
1018,1.0,2.0,8.0,2022.0,7086000247.0,33.0,11.95,
1790,22.0,3.0,7.0,2022.0,7662000209.0,46.0,21.96,
32,9.0,1.0,3.0,2022.0,7664000007.0,61.0,5.68,
819,23.0,31.0,1.0,2022.0,7086000048.0,29.0,20.21,
433,22.0,16.0,1.0,2022.0,8761000104.0,22.0,929.9,
2425,22.0,28.0,3.0,2022.0,7662000844.0,70.0,621.8,
889,3.0,2.0,3.0,2022.0,7086000118.0,29.0,905.96,
1293,6.0,18.0,2.0,2022.0,9101000036.0,36.0,79.59,
70,22.0,1.0,4.0,2022.0,9957000071.0,79.0,49.61,
1004,23.0,2.0,7.0,2022.0,7086000233.0,89.0,855.73,
2018,9.0,15.0,3.0,2022.0,7662000437.0,30.0,58.61,
891,8.0,2.0,3.0,2022.0,7086000120.0,26.0,77.07,
1029,7.0,2.0,8.0,2022.0,9678000004.0,58.0,257.47,
354,23.0,14.0,1.0,2022.0,8761000025.0,83.0,1034.21,
1937,15.0,3.0,12.0,2022.0,7662000356.0,57.0,932.56,
2171,6.0,20.0,3.0,2022.0,7662000590.0,64.0,11.39,
1023,2.0,2.0,8.0,2022.0,7086000252.0,89.0,10.25,
657,1.0,27.0,1.0,2022.0,6900000211.0,47.0,9.89,
602,23.0,22.0,1.0,2022.0,6900000156.0,32.0,21.12,
456,22.0,17.0,1.0,2022.0,6900000010.0,48.0,986.65,
2039,22.0,15.0,3.0,2022.0,7662000458.0,78.0,870.91,
1547,22.0,26.0,2.0,2022.0,7005000100.0,77.0,1041.68,
1325,7.0,19.0,2.0,2022.0,9101000068.0,29.0,65.6,
2402,23.0,27.0,3.0,2022.0,7662000821.0,74.0,9.88,
73,23.0,1.0,4.0,2022.0,9957000074.0,77.0,1099.99,
2149,18.0,19.0,3.0,2022.0,7662000568.0,35.0,884.54,
1966,22.0,13.0,3.0,2022.0,7662000385.0,38.0,87.48,
170,23.0,1.0,8.0,2022.0,9957000171.0,20.0,1030.43,
1575,3.0,28.0,2.0,2022.0,7005000128.0,48.0,289.23,
2306,10.0,24.0,3.0,2022.0,7662000725.0,52.0,5.21,
1556,0.0,27.0,2.0,2022.0,7005000109.0,49.0,1.41,
2466,23.0,30.0,3.0,2022.0,7662000885.0,25.0,15.95,
2295,2.0,24.0,3.0,2022.0,7662000714.0,25.0,73.01,
693,3.0,28.0,1.0,2022.0,6900000247.0,26.0,321.49,
44,22.0,1.0,3.0,2022.0,9957000045.0,77.0,4.5,
56,9.0,1.0,4.0,2022.0,9957000057.0,48.0,250.02,
1089,14.0,2.0,11.0,2022.0,9678000064.0,62.0,63.1,
1468,10.0,25.0,2.0,2022.0,7005000021.0,17.0,60.34,
498,22.0,19.0,1.0,2022.0,6900000052.0,79.0,1073.35,
367,0.0,15.0,1.0,2022.0,8761000038.0,58.0,305.14,
1064,19.0,2.0,9.0,2022.0,9678000039.0,50.0,927.18,
2543,14.0,4.0,2.0,2022.0,7662000962.0,28.0,3.17,
1091,19.0,2.0,11.0,2022.0,9678000066.0,57.0,100.23,
572,23.0,21.0,1.0,2022.0,6900000126.0,22.0,9.69,
856,2.0,2.0,2.0,2022.0,7086000085.0,37.0,184.64,
1739,22.0,3.0,5.0,2022.0,7662000158.0,39.0,18.58,
173,0.0,1.0,9.0,2022.0,9957000174.0,29.0,346.69,
480,23.0,18.0,1.0,2022.0,6900000034.0,21.0,1334.07,
2665,22.0,4.0,7.0,2022.0,7662001084.0,38.0,76.22,
1472,14.0,25.0,2.0,2022.0,7005000025.0,46.0,43.65,
1241,6.0,16.0,2.0,2022.0,9678000216.0,54.0,12.88,
528,19.0,20.0,1.0,2022.0,6900000082.0,59.0,1191.47,
2474,1.0,31.0,3.0,2022.0,7662000893.0,64.0,5.5,
1389,7.0,22.0,2.0,2022.0,9101000132.0,33.0,225.48,
1804,1.0,3.0,8.0,2022.0,7662000223.0,70.0,5.93,
1278,23.0,17.0,2.0,2022.0,9101000021.0,87.0,869.13,
296,23.0,13.0,1.0,2022.0,8135000033.0,60.0,4.98,
324,3.0,14.0,1.0,2022.0,8135000061.0,25.0,746.43,
845,22.0,2.0,1.0,2022.0,7086000074.0,61.0,1062.15,
221,5.0,1.0,11.0,2022.0,9957000222.0,65.0,48.56,
764,23.0,29.0,1.0,2022.0,6900000318.0,35.0,9.42,
2186,23.0,20.0,3.0,2022.0,7662000605.0,24.0,20.96,
2498,23.0,31.0,3.0,2022.0,7662000917.0,54.0,856.78,
599,22.0,22.0,1.0,2022.0,6900000153.0,46.0,23.48,
506,23.0,19.0,1.0,2022.0,6900000060.0,21.0,944.46,
211,0.0,1.0,11.0,2022.0,9957000212.0,73.0,299.98,
929,20.0,2.0,4.0,2022.0,7086000158.0,31.0,365.77,
1814,9.0,3.0,8.0,2022.0,7662000233.0,67.0,53.8,
1525,3.0,26.0,2.0,2022.0,7005000078.0,38.0,114.6,
410,1.0,16.0,1.0,2022.0,8761000081.0,25.0,36.2,
1457,3.0,25.0,2.0,2022.0,7005000010.0,44.0,369.96,
2414,9.0,28.0,3.0,2022.0,7662000833.0,63.0,4.41,
2423,22.0,28.0,3.0,2022.0,7662000842.0,70.0,1045.91,
705,13.0,28.0,1.0,2022.0,6900000259.0,19.0,10.93,
1102,0.0,2.0,12.0,2022.0,9678000077.0,46.0,295.85,
1720,2.0,3.0,5.0,2022.0,7662000139.0,39.0,1051.32,
2259,1.0,23.0,3.0,2022.0,7662000678.0,37.0,802.81,
767,1.0,30.0,1.0,2022.0,6900000321.0,29.0,1041.76,
1344,23.0,19.0,2.0,2022.0,9101000087.0,54.0,1042.38,
124,20.0,1.0,7.0,2022.0,9957000125.0,38.0,10.74,
1268,19.0,17.0,2.0,2022.0,9101000011.0,45.0,107.4,
2166,3.0,20.0,3.0,2022.0,7662000585.0,91.0,304.23,
1437,17.0,24.0,2.0,2022.0,9101000180.0,67.0,916.56,
2527,18.0,4.0,1.0,2022.0,7662000946.0,75.0,220.53,
2113,22.0,17.0,3.0,2022.0,7662000532.0,49.0,957.27,
1259,3.0,17.0,2.0,2022.0,9101000002.0,27.0,1147.45,
430,22.0,16.0,1.0,2022.0,8761000101.0,69.0,793.22,
289,23.0,13.0,1.0,2022.0,8135000026.0,63.0,816.89,
2342,15.0,25.0,3.0,2022.0,7662000761.0,46.0,21.96,
1833,23.0,3.0,8.0,2022.0,7662000252.0,46.0,17.51,
2599,23.0,4.0,4.0,2022.0,7662001018.0,38.0,853.84,
1247,16.0,16.0,2.0,2022.0,9678000222.0,31.0,41.36,
662,3.0,27.0,1.0,2022.0,6900000216.0,62.0,8.79,
2349,22.0,25.0,3.0,2022.0,7662000768.0,46.0,26.13,
932,21.0,2.0,4.0,2022.0,7086000161.0,38.0,860.18,
1261,7.0,17.0,2.0,2022.0,9101000004.0,87.0,24.18,
838,16.0,2.0,1.0,2022.0,7086000067.0,20.0,43.97,
2585,11.0,4.0,4.0,2022.0,7662001004.0,35.0,156.72,
2170,5.0,20.0,3.0,2022.0,7662000589.0,64.0,2.4,
457,22.0,17.0,1.0,2022.0,6900000011.0,23.0,170.54,
1117,3.0,2.0,12.0,2022.0,9678000092.0,23.0,297.4,
1114,3.0,2.0,12.0,2022.0,9678000089.0,18.0,302.22,
1087,7.0,2.0,11.0,2022.0,9678000062.0,68.0,125.31,
1621,1.0,3.0,1.0,2022.0,7662000040.0,32.0,13.17,
1948,23.0,3.0,12.0,2022.0,7662000367.0,57.0,873.41,
1918,22.0,3.0,11.0,2022.0,7662000337.0,61.0,304.7,
485,23.0,18.0,1.0,2022.0,6900000039.0,21.0,799.88,
1374,22.0,21.0,2.0,2022.0,9101000117.0,83.0,1054.22,
2559,13.0,4.0,3.0,2022.0,7662000978.0,37.0,136.8,
43,22.0,1.0,3.0,2022.0,9957000044.0,30.0,942.62,
2483,9.0,31.0,3.0,2022.0,7662000902.0,76.0,106.26,
282,21.0,13.0,1.0,2022.0,8135000019.0,17.0,7.35,
564,22.0,21.0,1.0,2022.0,6900000118.0,48.0,19.89,
1375,23.0,21.0,2.0,2022.0,9101000118.0,32.0,1025.92,
461,0.0,18.0,1.0,2022.0,6900000015.0,31.0,978.96,
196,23.0,1.0,9.0,2022.0,9957000197.0,29.0,18.24,
2627,7.0,4.0,6.0,2022.0,7662001046.0,41.0,85.89,
1474,16.0,25.0,2.0,2022.0,7005000027.0,26.0,64.88,
2258,0.0,23.0,3.0,2022.0,7662000677.0,37.0,10.76,
175,1.0,1.0,9.0,2022.0,9957000176.0,64.0,18.86,
678,22.0,27.0,1.0,2022.0,6900000232.0,61.0,54.49,
1801,0.0,3.0,8.0,2022.0,7662000220.0,65.0,296.18,
2629,8.0,4.0,6.0,2022.0,7662001048.0,48.0,61.25,
1399,22.0,22.0,2.0,2022.0,9101000142.0,52.0,997.72,
1511,0.0,26.0,2.0,2022.0,7005000064.0,22.0,10.54,
727,0.0,29.0,1.0,2022.0,6900000281.0,54.0,79.71,
969,1.0,2.0,7.0,2022.0,7086000198.0,66.0,15.99,
1242,7.0,16.0,2.0,2022.0,9678000217.0,34.0,62.13,
239,1.0,1.0,12.0,2022.0,9957000240.0,73.0,288.41,
411,1.0,16.0,1.0,2022.0,8761000082.0,69.0,330.32,
1225,11.0,15.0,2.0,2022.0,9678000200.0,54.0,65.84,
1159,23.0,2.0,12.0,2022.0,9678000134.0,54.0,920.07,
1505,23.0,25.0,2.0,2022.0,7005000058.0,81.0,798.77,
1710,22.0,3.0,4.0,2022.0,7662000129.0,58.0,626.15,
1128,11.0,2.0,12.0,2022.0,9678000103.0,66.0,5.26,
1971,0.0,14.0,3.0,2022.0,7662000390.0,31.0,266.85,
2320,23.0,24.0,3.0,2022.0,7662000739.0,19.0,6.33,
407,23.0,15.0,1.0,2022.0,8761000078.0,30.0,149.42,
2007,0.0,15.0,3.0,2022.0,7662000426.0,60.0,21.31,
402,23.0,15.0,1.0,2022.0,8761000073.0,83.0,1140.41,
1535,19.0,26.0,2.0,2022.0,7005000088.0,67.0,9.02,
188,22.0,1.0,9.0,2022.0,9957000189.0,20.0,937.57,
1419,15.0,23.0,2.0,2022.0,9101000162.0,64.0,18.67,
420,9.0,16.0,1.0,2022.0,8761000091.0,76.0,250.47,
903,21.0,2.0,3.0,2022.0,7086000132.0,42.0,178.57,
270,1.0,13.0,1.0,2022.0,8135000007.0,58.0,6.45,
761,23.0,29.0,1.0,2022.0,6900000315.0,31.0,715.29,
900,18.0,2.0,3.0,2022.0,7086000129.0,54.0,100.65,
2291,23.0,23.0,3.0,2022.0,7662000710.0,19.0,495.05,
318,2.0,14.0,1.0,2022.0,8135000055.0,46.0,7.24,
610,3.0,23.0,1.0,2022.0,6900000164.0,39.0,53.47,
2046,23.0,15.0,3.0,2022.0,7662000465.0,56.0,963.17,
1422,22.0,23.0,2.0,2022.0,9101000165.0,48.0,20.6,
2526,18.0,4.0,1.0,2022.0,7662000945.0,23.0,3.11,
1653,3.0,3.0,3.0,2022.0,7662000072.0,56.0,9.85,
1032,13.0,2.0,8.0,2022.0,9678000007.0,60.0,880.19,
393,22.0,15.0,1.0,2022.0,8761000064.0,36.0,737.43,
765,0.0,30.0,1.0,2022.0,6900000319.0,21.0,12.34,
2650,9.0,4.0,7.0,2022.0,7662001069.0,27.0,86.53,
952,1.0,2.0,6.0,2022.0,7086000181.0,66.0,319.18,
2405,23.0,27.0,3.0,2022.0,7662000824.0,30.0,8.04,
1818,14.0,3.0,8.0,2022.0,7662000237.0,92.0,28.53,
1909,16.0,3.0,11.0,2022.0,7662000328.0,23.0,129.42,
655,0.0,27.0,1.0,2022.0,6900000209.0,60.0,61.29,
817,23.0,31.0,1.0,2022.0,7086000046.0,61.0,772.48,
2505,2.0,4.0,1.0,2022.0,7662000924.0,54.0,13.53,
2154,23.0,19.0,3.0,2022.0,7662000573.0,35.0,18.47,
1767,23.0,3.0,6.0,2022.0,7662000186.0,39.0,19.38,
695,3.0,28.0,1.0,2022.0,6900000249.0,31.0,276.99,
1828,23.0,3.0,8.0,2022.0,7662000247.0,65.0,811.41,
1094,22.0,2.0,11.0,2022.0,9678000069.0,46.0,828.73,
1097,23.0,2.0,11.0,2022.0,9678000072.0,21.0,468.05,
1869,6.0,3.0,10.0,2022.0,7662000288.0,59.0,1.2,
2605,6.0,4.0,5.0,2022.0,7662001024.0,35.0,197.43,
970,1.0,2.0,7.0,2022.0,7086000199.0,66.0,312.03,
168,23.0,1.0,8.0,2022.0,9957000169.0,17.0,1050.01,
2652,12.0,4.0,7.0,2022.0,7662001071.0,64.0,50.39,
1708,22.0,3.0,4.0,2022.0,7662000127.0,73.0,987.73,
719,22.0,28.0,1.0,2022.0,6900000273.0,79.0,21.73,
2325,1.0,25.0,3.0,2022.0,7662000744.0,46.0,10.41,
1186,22.0,13.0,2.0,2022.0,9678000161.0,52.0,1156.15,
1436,16.0,24.0,2.0,2022.0,9101000179.0,31.0,3.44,
194,23.0,1.0,9.0,2022.0,9957000195.0,20.0,1148.15,
2164,2.0,20.0,3.0,2022.0,7662000583.0,91.0,290.93,
862,12.0,2.0,2.0,2022.0,7086000091.0,54.0,148.5,
944,14.0,2.0,5.0,2022.0,7086000173.0,45.0,150.3,
414,3.0,16.0,1.0,2022.0,8761000085.0,22.0,685.26,
1360,16.0,20.0,2.0,2022.0,9101000103.0,64.0,6.2,
478,23.0,18.0,1.0,2022.0,6900000032.0,48.0,51.49,
2436,19.0,29.0,3.0,2022.0,7662000855.0,15.0,47.48,
1988,18.0,14.0,3.0,2022.0,7662000407.0,32.0,10.74,
1706,21.0,3.0,4.0,2022.0,7662000125.0,47.0,127.49,
834,2.0,2.0,1.0,2022.0,7086000063.0,41.0,11.1,
1650,1.0,3.0,3.0,2022.0,7662000069.0,56.0,281.19,
2290,23.0,23.0,3.0,2022.0,7662000709.0,55.0,6.2,
2534,23.0,4.0,1.0,2022.0,7662000953.0,29.0,27.98,
1423,22.0,23.0,2.0,2022.0,9101000166.0,48.0,121.17,
998,22.0,2.0,7.0,2022.0,7086000227.0,52.0,322.77,
821,23.0,31.0,1.0,2022.0,7086000050.0,48.0,8.57,
2569,23.0,4.0,3.0,2022.0,7662000988.0,37.0,282.97,
93,22.0,1.0,5.0,2022.0,9957000094.0,79.0,830.72,
233,22.0,1.0,11.0,2022.0,9957000234.0,73.0,992.1,
1508,23.0,25.0,2.0,2022.0,7005000061.0,44.0,18.04,
831,1.0,2.0,1.0,2022.0,7086000060.0,28.0,280.48,
2179,20.0,20.0,3.0,2022.0,7662000598.0,25.0,85.83,
2572,23.0,4.0,3.0,2022.0,7662000991.0,17.0,994.0,
2057,2.0,16.0,3.0,2022.0,7662000476.0,27.0,910.76,
134,1.0,1.0,8.0,2022.0,9957000135.0,20.0,334.28,
210,0.0,1.0,11.0,2022.0,9957000211.0,42.0,831.16,
2167,3.0,20.0,3.0,2022.0,7662000586.0,24.0,921.68,
2422,18.0,28.0,3.0,2022.0,7662000841.0,77.0,54.78,
1760,20.0,3.0,6.0,2022.0,7662000179.0,46.0,77.43,
1671,21.0,3.0,3.0,2022.0,7662000090.0,32.0,3.42,
785,23.0,30.0,1.0,2022.0,7086000014.0,35.0,1024.66,
2518,13.0,4.0,1.0,2022.0,7662000937.0,45.0,19.48,
1368,17.0,21.0,2.0,2022.0,9101000111.0,33.0,84.37,
460,23.0,17.0,1.0,2022.0,6900000014.0,69.0,347.53,
649,7.0,26.0,1.0,2022.0,6900000203.0,36.0,85.15,
1874,13.0,3.0,10.0,2022.0,7662000293.0,26.0,256.09,
321,3.0,14.0,1.0,2022.0,8135000058.0,30.0,549.13,
298,23.0,13.0,1.0,2022.0,8135000035.0,45.0,20.96,
254,20.0,1.0,12.0,2022.0,9957000255.0,21.0,10.89,
1036,18.0,2.0,8.0,2022.0,9678000011.0,31.0,84.86,
568,23.0,21.0,1.0,2022.0,6900000122.0,22.0,704.6,
178,2.0,1.0,9.0,2022.0,9957000179.0,68.0,305.6,
1849,19.0,3.0,9.0,2022.0,7662000268.0,40.0,186.32,
368,1.0,15.0,1.0,2022.0,8761000039.0,83.0,15.05,
1667,19.0,3.0,3.0,2022.0,7662000086.0,30.0,57.71,
926,17.0,2.0,4.0,2022.0,7086000155.0,43.0,33.45,
2250,23.0,22.0,3.0,2022.0,7662000669.0,92.0,295.04,
1221,3.0,15.0,2.0,2022.0,9678000196.0,49.0,322.44,
1014,0.0,2.0,8.0,2022.0,7086000243.0,33.0,8.0,
940,4.0,2.0,5.0,2022.0,7086000169.0,34.0,101.93,
2411,6.0,28.0,3.0,2022.0,7662000830.0,83.0,7.17,
1272,22.0,17.0,2.0,2022.0,9101000015.0,27.0,19.11,
199,2.0,1.0,10.0,2022.0,9957000200.0,68.0,8.45,
976,10.0,2.0,7.0,2022.0,7086000205.0,33.0,330.19,
509,23.0,19.0,1.0,2022.0,6900000063.0,47.0,92.79,
246,11.0,1.0,12.0,2022.0,9957000247.0,54.0,121.94,
2123,10.0,18.0,3.0,2022.0,7662000542.0,68.0,57.96,
464,4.0,18.0,1.0,2022.0,6900000018.0,48.0,17.9,
2548,2.0,4.0,3.0,2022.0,7662000967.0,26.0,140.99,
1192,23.0,13.0,2.0,2022.0,9678000167.0,53.0,51.02,
1745,0.0,3.0,6.0,2022.0,7662000164.0,31.0,7.52,
1703,19.0,3.0,4.0,2022.0,7662000122.0,44.0,80.4,
1911,19.0,3.0,11.0,2022.0,7662000330.0,36.0,63.44,
1610,19.0,28.0,2.0,2022.0,7662000029.0,48.0,758.33,
1560,17.0,27.0,2.0,2022.0,7005000113.0,33.0,245.21,
2022,13.0,15.0,3.0,2022.0,7662000441.0,44.0,7.81,
2299,4.0,24.0,3.0,2022.0,7662000718.0,82.0,74.03,
1106,0.0,2.0,12.0,2022.0,9678000081.0,21.0,286.63,
1501,23.0,25.0,2.0,2022.0,7005000054.0,22.0,659.33,
104,18.0,1.0,6.0,2022.0,9957000105.0,64.0,855.88,
2370,3.0,26.0,3.0,2022.0,7662000789.0,80.0,9.21,
1283,0.0,18.0,2.0,2022.0,9101000026.0,54.0,298.27,
2224,4.0,22.0,3.0,2022.0,7662000643.0,41.0,7.13,
435,23.0,16.0,1.0,2022.0,8761000106.0,62.0,838.04,
990,22.0,2.0,7.0,2022.0,7086000219.0,66.0,1059.29,
1850,20.0,3.0,9.0,2022.0,7662000269.0,50.0,17.8,
226,8.0,1.0,11.0,2022.0,9957000227.0,37.0,95.71,
231,18.0,1.0,11.0,2022.0,9957000232.0,30.0,60.32,
527,18.0,20.0,1.0,2022.0,6900000081.0,43.0,1.53,
902,21.0,2.0,3.0,2022.0,7086000131.0,35.0,46.62,
111,4.0,1.0,7.0,2022.0,9957000112.0,51.0,67.07,
51,2.0,1.0,4.0,2022.0,9957000052.0,77.0,316.93,
1381,1.0,22.0,2.0,2022.0,9101000124.0,77.0,119.39,
2377,18.0,26.0,3.0,2022.0,7662000796.0,43.0,91.23,
1080,23.0,2.0,10.0,2022.0,9678000055.0,50.0,716.52,
1366,14.0,21.0,2.0,2022.0,9101000109.0,32.0,1031.32,
1099,23.0,2.0,11.0,2022.0,9678000074.0,21.0,1131.32,
1288,3.0,18.0,2.0,2022.0,9101000031.0,38.0,785.38,
2064,8.0,16.0,3.0,2022.0,7662000483.0,28.0,62.83,
1263,11.0,17.0,2.0,2022.0,9101000006.0,44.0,84.09,
1749,5.0,3.0,6.0,2022.0,7662000168.0,65.0,7.26,
1477,18.0,25.0,2.0,2022.0,7005000030.0,22.0,1021.53,
911,23.0,2.0,3.0,2022.0,7086000140.0,75.0,802.49,
2366,0.0,26.0,3.0,2022.0,7662000785.0,80.0,316.84,
439,0.0,17.0,1.0,2022.0,8761000110.0,76.0,27.83,
2608,10.0,4.0,5.0,2022.0,7662001027.0,63.0,9.18,
212,1.0,1.0,11.0,2022.0,9957000213.0,42.0,353.06,
1748,2.0,3.0,6.0,2022.0,7662000167.0,49.0,5.56,
1783,13.0,3.0,7.0,2022.0,7662000202.0,48.0,4.57,
2033,22.0,15.0,3.0,2022.0,7662000452.0,37.0,956.38,
2455,19.0,30.0,3.0,2022.0,7662000874.0,60.0,2.13,
581,3.0,22.0,1.0,2022.0,6900000135.0,32.0,885.64,
1624,3.0,3.0,1.0,2022.0,7662000043.0,65.0,25.16,
1829,23.0,3.0,8.0,2022.0,7662000248.0,70.0,1126.12,
218,4.0,1.0,11.0,2022.0,9957000219.0,58.0,5.25,
1832,23.0,3.0,8.0,2022.0,7662000251.0,70.0,928.67,
2116,23.0,17.0,3.0,2022.0,7662000535.0,49.0,864.55,
632,3.0,25.0,1.0,2022.0,6900000186.0,38.0,6.96,
783,23.0,30.0,1.0,2022.0,7086000012.0,32.0,18.47,
794,2.0,31.0,1.0,2022.0,7086000023.0,32.0,769.13,
1490,22.0,25.0,2.0,2022.0,7005000043.0,22.0,964.75,
1084,2.0,2.0,11.0,2022.0,9678000059.0,21.0,959.53,
2347,22.0,25.0,3.0,2022.0,7662000766.0,80.0,18.08,
2508,3.0,4.0,1.0,2022.0,7662000927.0,54.0,26.98,
436,23.0,16.0,1.0,2022.0,8761000107.0,62.0,758.13,
1266,15.0,17.0,2.0,2022.0,9101000009.0,49.0,91.2,
1124,10.0,2.0,12.0,2022.0,9678000099.0,15.0,59.0,
1187,22.0,13.0,2.0,2022.0,9678000162.0,52.0,995.63,
1834,23.0,3.0,8.0,2022.0,7662000253.0,70.0,986.52,
1486,22.0,25.0,2.0,2022.0,7005000039.0,49.0,940.76,
463,3.0,18.0,1.0,2022.0,6900000017.0,31.0,955.4,
617,3.0,24.0,1.0,2022.0,6900000171.0,18.0,317.62,
1302,22.0,18.0,2.0,2022.0,9101000045.0,21.0,4.37,
2304,8.0,24.0,3.0,2022.0,7662000723.0,37.0,43.62,
2195,6.0,21.0,3.0,2022.0,7662000614.0,25.0,45.95,
1675,23.0,3.0,3.0,2022.0,7662000094.0,42.0,7.7,
2081,22.0,16.0,3.0,2022.0,7662000500.0,56.0,796.63,
1135,18.0,2.0,12.0,2022.0,9678000110.0,54.0,763.2,
945,15.0,2.0,5.0,2022.0,7086000174.0,39.0,45.46,
450,22.0,17.0,1.0,2022.0,6900000004.0,18.0,94.96,
259,22.0,1.0,12.0,2022.0,9957000260.0,85.0,42.83,
96,23.0,1.0,5.0,2022.0,9957000097.0,79.0,311.92,
251,15.0,1.0,12.0,2022.0,9957000252.0,42.0,8.11,
2124,14.0,18.0,3.0,2022.0,7662000543.0,33.0,25.5,
2506,3.0,4.0,1.0,2022.0,7662000925.0,56.0,6.9,
443,2.0,17.0,1.0,2022.0,8761000114.0,22.0,324.1,
2575,0.0,4.0,4.0,2022.0,7662000994.0,25.0,358.55,
2114,23.0,17.0,3.0,2022.0,7662000533.0,23.0,45.68,
1453,2.0,25.0,2.0,2022.0,7005000006.0,44.0,765.47,
2415,10.0,28.0,3.0,2022.0,7662000834.0,37.0,98.69,
2059,3.0,16.0,3.0,2022.0,7662000478.0,37.0,7.82,
1897,1.0,3.0,11.0,2022.0,7662000316.0,54.0,18.55,
1269,21.0,17.0,2.0,2022.0,9101000012.0,54.0,671.44,
1771,1.0,3.0,7.0,2022.0,7662000190.0,31.0,120.36,
1622,2.0,3.0,1.0,2022.0,7662000041.0,37.0,30.67,
1237,23.0,15.0,2.0,2022.0,9678000212.0,49.0,966.67,
2369,2.0,26.0,3.0,2022.0,7662000788.0,46.0,8.12,
2222,3.0,22.0,3.0,2022.0,7662000641.0,19.0,9.21,
2653,13.0,4.0,7.0,2022.0,7662001072.0,38.0,507.33,
807,20.0,31.0,1.0,2022.0,7086000036.0,15.0,55.21,
1190,23.0,13.0,2.0,2022.0,9678000165.0,17.0,1292.21,
2388,6.0,27.0,3.0,2022.0,7662000807.0,46.0,83.52,
408,0.0,16.0,1.0,2022.0,8761000079.0,22.0,310.76,
1777,3.0,3.0,7.0,2022.0,7662000196.0,73.0,317.98,
829,1.0,2.0,1.0,2022.0,7086000058.0,41.0,791.99,
1027,3.0,2.0,8.0,2022.0,9678000002.0,64.0,66.81,
2337,9.0,25.0,3.0,2022.0,7662000756.0,46.0,955.52,
432,22.0,16.0,1.0,2022.0,8761000103.0,22.0,1056.23,
2281,22.0,23.0,3.0,2022.0,7662000700.0,23.0,973.84,
1337,22.0,19.0,2.0,2022.0,9101000080.0,38.0,598.9,
611,3.0,23.0,1.0,2022.0,6900000165.0,32.0,1079.64,
30,3.0,1.0,3.0,2022.0,9957000031.0,58.0,315.34,
387,21.0,15.0,1.0,2022.0,8761000058.0,62.0,936.13,
1962,12.0,13.0,3.0,2022.0,7662000381.0,57.0,5.85,
1463,4.0,25.0,2.0,2022.0,7005000016.0,58.0,6.88,
1386,3.0,22.0,2.0,2022.0,9101000129.0,52.0,6.23,
2247,22.0,22.0,3.0,2022.0,7662000666.0,23.0,1099.67,
1033,13.0,2.0,8.0,2022.0,9678000008.0,35.0,112.3,
1778,6.0,3.0,7.0,2022.0,7662000197.0,46.0,347.46,
67,22.0,1.0,4.0,2022.0,9957000068.0,77.0,898.81,
1061,12.0,2.0,9.0,2022.0,9678000036.0,57.0,2.86,
1220,1.0,15.0,2.0,2022.0,9678000195.0,42.0,9.4,
620,13.0,24.0,1.0,2022.0,6900000174.0,47.0,14.9,
2315,20.0,24.0,3.0,2022.0,7662000734.0,19.0,1194.56,
1461,3.0,25.0,2.0,2022.0,7005000014.0,93.0,320.83,
1940,17.0,3.0,12.0,2022.0,7662000359.0,34.0,933.0,
1093,22.0,2.0,11.0,2022.0,9678000068.0,36.0,259.17,
237,0.0,1.0,12.0,2022.0,9957000238.0,46.0,11.73,
2104,10.0,17.0,3.0,2022.0,7662000523.0,54.0,78.68,
836,9.0,2.0,1.0,2022.0,7086000065.0,30.0,32.14,
109,21.0,1.0,6.0,2022.0,9957000110.0,47.0,17.07,
471,14.0,18.0,1.0,2022.0,6900000025.0,31.0,21.54,
781,22.0,30.0,1.0,2022.0,7086000010.0,35.0,19.69,
2444,1.0,30.0,3.0,2022.0,7662000863.0,54.0,8.8,
163,22.0,1.0,8.0,2022.0,9957000164.0,21.0,93.03,
1657,11.0,3.0,3.0,2022.0,7662000076.0,51.0,9.89,
965,23.0,2.0,6.0,2022.0,7086000194.0,60.0,1049.84,
252,17.0,1.0,12.0,2022.0,9957000253.0,32.0,30.11,
1952,1.0,13.0,3.0,2022.0,7662000371.0,31.0,979.38,
2524,17.0,4.0,1.0,2022.0,7662000943.0,42.0,72.04,
1825,22.0,3.0,8.0,2022.0,7662000244.0,46.0,21.01,
2089,23.0,16.0,3.0,2022.0,7662000508.0,33.0,8.98,
1057,1.0,2.0,9.0,2022.0,9678000032.0,80.0,288.97,
2293,1.0,24.0,3.0,2022.0,7662000712.0,19.0,8.78,
2484,11.0,31.0,3.0,2022.0,7662000903.0,35.0,27.31,
1558,10.0,27.0,2.0,2022.0,7005000111.0,28.0,93.29,
1503,23.0,25.0,2.0,2022.0,7005000056.0,22.0,795.06,
1146,22.0,2.0,12.0,2022.0,9678000121.0,54.0,615.49,
2067,12.0,16.0,3.0,2022.0,7662000486.0,29.0,1.27,
2353,23.0,25.0,3.0,2022.0,7662000772.0,46.0,19.57,
2588,15.0,4.0,4.0,2022.0,7662001007.0,17.0,907.76,
2487,16.0,31.0,3.0,2022.0,7662000906.0,45.0,19.34,
1738,22.0,3.0,5.0,2022.0,7662000157.0,58.0,18.69,
756,22.0,29.0,1.0,2022.0,6900000310.0,56.0,947.47,
521,8.0,20.0,1.0,2022.0,6900000075.0,33.0,2.97,
2130,23.0,18.0,3.0,2022.0,7662000549.0,25.0,5.18,
422,13.0,16.0,1.0,2022.0,8761000093.0,23.0,28.39,
1451,1.0,25.0,2.0,2022.0,7005000004.0,57.0,50.89,
495,16.0,19.0,1.0,2022.0,6900000049.0,79.0,9.5,
605,23.0,22.0,1.0,2022.0,6900000159.0,22.0,1182.65,
1462,4.0,25.0,2.0,2022.0,7005000015.0,82.0,1.44,
1672,21.0,3.0,3.0,2022.0,7662000091.0,30.0,46.64,
1590,22.0,28.0,2.0,2022.0,7662000009.0,25.0,19.64,
567,22.0,21.0,1.0,2022.0,6900000121.0,22.0,1002.29,
1916,22.0,3.0,11.0,2022.0,7662000335.0,77.0,48.51,
2111,19.0,17.0,3.0,2022.0,7662000530.0,38.0,2.93,
1565,23.0,27.0,2.0,2022.0,7005000118.0,28.0,71.38,
100,6.0,1.0,6.0,2022.0,9957000101.0,14.0,23.74,
315,2.0,14.0,1.0,2022.0,8135000052.0,36.0,328.57,
2066,9.0,16.0,3.0,2022.0,7662000485.0,27.0,124.5,
651,14.0,26.0,1.0,2022.0,6900000205.0,28.0,88.43,
1817,12.0,3.0,8.0,2022.0,7662000236.0,39.0,18.34,
1295,14.0,18.0,2.0,2022.0,9101000038.0,43.0,5.03,
809,22.0,31.0,1.0,2022.0,7086000038.0,35.0,21.49,
261,23.0,1.0,12.0,2022.0,9957000262.0,42.0,264.35,
2163,2.0,20.0,3.0,2022.0,7662000582.0,60.0,38.52,
1655,7.0,3.0,3.0,2022.0,7662000074.0,64.0,35.33,
1712,23.0,3.0,4.0,2022.0,7662000131.0,58.0,950.42,
1609,17.0,28.0,2.0,2022.0,7662000028.0,25.0,21.55,
2138,3.0,19.0,3.0,2022.0,7662000557.0,24.0,353.55,
179,3.0,1.0,9.0,2022.0,9957000180.0,68.0,301.33,
322,3.0,14.0,1.0,2022.0,8135000059.0,34.0,42.22,
962,22.0,2.0,6.0,2022.0,7086000191.0,66.0,876.03,
1920,22.0,3.0,11.0,2022.0,7662000339.0,77.0,1052.39,
257,22.0,1.0,12.0,2022.0,9957000258.0,46.0,776.7,
867,19.0,2.0,2.0,2022.0,7086000096.0,28.0,997.56,
1050,23.0,2.0,8.0,2022.0,9678000025.0,44.0,900.06,
1593,23.0,28.0,2.0,2022.0,7662000012.0,48.0,862.09,
2283,22.0,23.0,3.0,2022.0,7662000702.0,21.0,96.76,
1886,22.0,3.0,10.0,2022.0,7662000305.0,61.0,774.74,
2480,6.0,31.0,3.0,2022.0,7662000899.0,24.0,46.83,
291,23.0,13.0,1.0,2022.0,8135000028.0,46.0,23.18,
141,3.0,1.0,8.0,2022.0,9957000142.0,17.0,276.41,
554,13.0,21.0,1.0,2022.0,6900000108.0,48.0,60.6,
2578,1.0,4.0,4.0,2022.0,7662000997.0,17.0,335.96,
790,0.0,31.0,1.0,2022.0,7086000019.0,29.0,868.34,
1226,12.0,15.0,2.0,2022.0,9678000201.0,27.0,10.86,
679,22.0,27.0,1.0,2022.0,6900000233.0,26.0,1043.38,
2328,3.0,25.0,3.0,2022.0,7662000747.0,80.0,315.55,
802,17.0,31.0,1.0,2022.0,7086000031.0,34.0,87.75,
2144,4.0,19.0,3.0,2022.0,7662000563.0,51.0,5.52,
1339,22.0,19.0,2.0,2022.0,9101000082.0,63.0,7.88,
1340,22.0,19.0,2.0,2022.0,9101000083.0,63.0,779.87,
1000,22.0,2.0,7.0,2022.0,7086000229.0,66.0,1286.27,
1174,9.0,13.0,2.0,2022.0,9678000149.0,22.0,285.18,
840,19.0,2.0,1.0,2022.0,7086000069.0,41.0,21.23,
707,14.0,28.0,1.0,2022.0,6900000261.0,42.0,67.51,
1744,0.0,3.0,6.0,2022.0,7662000163.0,39.0,371.98,
1904,9.0,3.0,11.0,2022.0,7662000323.0,68.0,3.36,
247,12.0,1.0,12.0,2022.0,9957000248.0,29.0,1409.46,
1105,0.0,2.0,12.0,2022.0,9678000080.0,85.0,4.19,
486,0.0,19.0,1.0,2022.0,6900000040.0,21.0,10.87,
1711,23.0,3.0,4.0,2022.0,7662000130.0,27.0,15.86,
2037,22.0,15.0,3.0,2022.0,7662000456.0,37.0,927.82,
2119,5.0,18.0,3.0,2022.0,7662000538.0,29.0,30.59,
2517,12.0,4.0,1.0,2022.0,7662000936.0,64.0,6.06,
347,21.0,14.0,1.0,2022.0,8761000018.0,92.0,62.49,
2279,22.0,23.0,3.0,2022.0,7662000698.0,44.0,19.24,
1626,5.0,3.0,1.0,2022.0,7662000045.0,46.0,101.79,
29,1.0,1.0,3.0,2022.0,9957000030.0,58.0,332.35,
650,11.0,26.0,1.0,2022.0,6900000204.0,46.0,56.19,
2148,17.0,19.0,3.0,2022.0,7662000567.0,48.0,51.08,
2580,2.0,4.0,4.0,2022.0,7662000999.0,45.0,31.7,
135,1.0,1.0,8.0,2022.0,9957000136.0,51.0,5.14,
1989,18.0,14.0,3.0,2022.0,7662000408.0,24.0,27.82,
1274,23.0,17.0,2.0,2022.0,9101000017.0,54.0,806.03,
1418,14.0,23.0,2.0,2022.0,9101000161.0,45.0,9.84,
1362,22.0,20.0,2.0,2022.0,9101000105.0,55.0,47.95,
2332,4.0,25.0,3.0,2022.0,7662000751.0,65.0,120.56,
2531,22.0,4.0,1.0,2022.0,7662000950.0,54.0,773.4,
2617,21.0,4.0,5.0,2022.0,7662001036.0,31.0,80.04,
157,16.0,1.0,8.0,2022.0,9957000158.0,29.0,564.57,
445,7.0,17.0,1.0,2022.0,8761000116.0,22.0,314.78,
2529,20.0,4.0,1.0,2022.0,7662000948.0,37.0,7.2,
907,22.0,2.0,3.0,2022.0,7086000136.0,38.0,287.51,
1467,10.0,25.0,2.0,2022.0,7005000020.0,47.0,111.25,
879,23.0,2.0,2.0,2022.0,7086000108.0,28.0,295.4,
1880,18.0,3.0,10.0,2022.0,7662000299.0,21.0,4.93,
1231,22.0,15.0,2.0,2022.0,9678000206.0,49.0,823.65,
332,8.0,14.0,1.0,2022.0,8761000003.0,83.0,12.95,
2265,2.0,23.0,3.0,2022.0,7662000684.0,44.0,453.58,
532,21.0,20.0,1.0,2022.0,6900000086.0,59.0,997.62,
1502,23.0,25.0,2.0,2022.0,7005000055.0,22.0,9.89,
782,23.0,30.0,1.0,2022.0,7086000011.0,29.0,540.67,
149,8.0,1.0,8.0,2022.0,9957000150.0,18.0,16.34,
1161,23.0,2.0,12.0,2022.0,9678000136.0,75.0,901.62,
1210,19.0,14.0,2.0,2022.0,9678000185.0,37.0,191.02,
1509,23.0,25.0,2.0,2022.0,7005000062.0,93.0,803.49,
1588,22.0,28.0,2.0,2022.0,7662000007.0,28.0,1238.3,
353,22.0,14.0,1.0,2022.0,8761000024.0,46.0,249.87,
208,23.0,1.0,10.0,2022.0,9957000209.0,64.0,344.01,
2275,18.0,23.0,3.0,2022.0,7662000694.0,37.0,7.78,
2177,15.0,20.0,3.0,2022.0,7662000596.0,28.0,267.7,
1376,23.0,21.0,2.0,2022.0,9101000119.0,32.0,21.51,
1185,22.0,13.0,2.0,2022.0,9678000160.0,53.0,695.53,
57,13.0,1.0,4.0,2022.0,9957000058.0,40.0,76.87,
2043,23.0,15.0,3.0,2022.0,7662000462.0,60.0,1053.93,
1851,22.0,3.0,9.0,2022.0,7662000270.0,43.0,497.67,
229,16.0,1.0,11.0,2022.0,9957000230.0,34.0,89.53,
2523,16.0,4.0,1.0,2022.0,7662000942.0,46.0,45.16,
2263,1.0,23.0,3.0,2022.0,7662000682.0,44.0,10.31,
874,22.0,2.0,2.0,2022.0,7086000103.0,28.0,1097.76,
1435,16.0,24.0,2.0,2022.0,9101000178.0,54.0,118.37,
979,14.0,2.0,7.0,2022.0,7086000208.0,89.0,954.22,
69,22.0,1.0,4.0,2022.0,9957000070.0,29.0,24.51,
1196,23.0,13.0,2.0,2022.0,9678000171.0,17.0,1024.04,
958,16.0,2.0,6.0,2022.0,7086000187.0,20.0,1.88,
861,7.0,2.0,2.0,2022.0,7086000090.0,56.0,136.13,
1510,0.0,26.0,2.0,2022.0,7005000063.0,33.0,183.8,
1992,22.0,14.0,3.0,2022.0,7662000411.0,54.0,633.85,
2087,,,,,,,,1.0
1915,,,,,,,,1.0
479,,,,,,,,1.0
1898,,,,,,,,1.0
741,,,,,,,,0.0
1718,,,,,,,,1.0
565,,,,,,,,0.0
1037,,,,,,,,1.0
2140,,,,,,,,1.0
1229,,,,,,,,1.0
544,,,,,,,,1.0
2137,,,,,,,,1.0
1835,,,,,,,,1.0
1265,,,,,,,,0.0
1123,,,,,,,,0.0
1689,,,,,,,,0.0
2378,,,,,,,,0.0
1907,,,,,,,,0.0
518,,,,,,,,1.0
1798,,,,,,,,1.0
746,,,,,,,,0.0
772,,,,,,,,1.0
1957,,,,,,,,0.0
1592,,,,,,,,0.0
1204,,,,,,,,0.0
729,,,,,,,,1.0
1421,,,,,,,,1.0
978,,,,,,,,1.0
535,,,,,,,,1.0
1602,,,,,,,,1.0
507,,,,,,,,1.0
1018,,,,,,,,1.0
1790,,,,,,,,1.0
32,,,,,,,,0.0
819,,,,,,,,1.0
433,,,,,,,,1.0
2425,,,,,,,,1.0
889,,,,,,,,1.0
1293,,,,,,,,0.0
70,,,,,,,,1.0
1004,,,,,,,,1.0
2018,,,,,,,,0.0
891,,,,,,,,0.0
1029,,,,,,,,1.0
354,,,,,,,,1.0
1937,,,,,,,,1.0
2171,,,,,,,,1.0
1023,,,,,,,,1.0
657,,,,,,,,1.0
602,,,,,,,,1.0
456,,,,,,,,1.0
2039,,,,,,,,1.0
1547,,,,,,,,1.0
1325,,,,,,,,0.0
2402,,,,,,,,0.0
73,,,,,,,,1.0
2149,,,,,,,,1.0
1966,,,,,,,,0.0
170,,,,,,,,1.0
1575,,,,,,,,1.0
2306,,,,,,,,0.0
1556,,,,,,,,0.0
2466,,,,,,,,1.0
2295,,,,,,,,0.0
693,,,,,,,,1.0
44,,,,,,,,1.0
56,,,,,,,,0.0
1089,,,,,,,,0.0
1468,,,,,,,,0.0
498,,,,,,,,1.0
367,,,,,,,,1.0
1064,,,,,,,,1.0
2543,,,,,,,,0.0
1091,,,,,,,,0.0
572,,,,,,,,1.0
856,,,,,,,,0.0
1739,,,,,,,,1.0
173,,,,,,,,1.0
480,,,,,,,,1.0
2665,,,,,,,,0.0
1472,,,,,,,,0.0
1241,,,,,,,,0.0
528,,,,,,,,1.0
2474,,,,,,,,0.0
1389,,,,,,,,0.0
1804,,,,,,,,1.0
1278,,,,,,,,1.0
296,,,,,,,,0.0
324,,,,,,,,1.0
845,,,,,,,,1.0
221,,,,,,,,0.0
764,,,,,,,,1.0
2186,,,,,,,,1.0
2498,,,,,,,,1.0
599,,,,,,,,0.0
506,,,,,,,,1.0
211,,,,,,,,1.0
929,,,,,,,,0.0
1814,,,,,,,,0.0
1525,,,,,,,,0.0
410,,,,,,,,0.0
1457,,,,,,,,1.0
2414,,,,,,,,0.0
2423,,,,,,,,1.0
705,,,,,,,,0.0
1102,,,,,,,,1.0
1720,,,,,,,,1.0
2259,,,,,,,,1.0
767,,,,,,,,1.0
1344,,,,,,,,1.0
124,,,,,,,,0.0
1268,,,,,,,,0.0
2166,,,,,,,,1.0
1437,,,,,,,,1.0
2527,,,,,,,,0.0
2113,,,,,,,,1.0
1259,,,,,,,,1.0
430,,,,,,,,1.0
289,,,,,,,,1.0
2342,,,,,,,,1.0
1833,,,,,,,,1.0
2599,,,,,,,,1.0
1247,,,,,,,,0.0
662,,,,,,,,0.0
2349,,,,,,,,1.0
932,,,,,,,,1.0
1261,,,,,,,,1.0
838,,,,,,,,0.0
2585,,,,,,,,0.0
2170,,,,,,,,0.0
457,,,,,,,,0.0
1117,,,,,,,,1.0
1114,,,,,,,,1.0
1087,,,,,,,,0.0
1621,,,,,,,,1.0
1948,,,,,,,,1.0
1918,,,,,,,,1.0
485,,,,,,,,1.0
1374,,,,,,,,1.0
2559,,,,,,,,0.0
43,,,,,,,,1.0
2483,,,,,,,,0.0
282,,,,,,,,0.0
564,,,,,,,,0.0
1375,,,,,,,,1.0
461,,,,,,,,1.0
196,,,,,,,,1.0
2627,,,,,,,,0.0
1474,,,,,,,,0.0
2258,,,,,,,,1.0
175,,,,,,,,1.0
678,,,,,,,,0.0
1801,,,,,,,,1.0
2629,,,,,,,,0.0
1399,,,,,,,,1.0
1511,,,,,,,,1.0
727,,,,,,,,0.0
969,,,,,,,,1.0
1242,,,,,,,,0.0
239,,,,,,,,1.0
411,,,,,,,,1.0
1225,,,,,,,,0.0
1159,,,,,,,,1.0
1505,,,,,,,,1.0
1710,,,,,,,,1.0
1128,,,,,,,,0.0
1971,,,,,,,,1.0
2320,,,,,,,,1.0
407,,,,,,,,1.0
2007,,,,,,,,1.0
402,,,,,,,,1.0
1535,,,,,,,,0.0
188,,,,,,,,1.0
1419,,,,,,,,0.0
420,,,,,,,,0.0
903,,,,,,,,0.0
270,,,,,,,,0.0
761,,,,,,,,1.0
900,,,,,,,,0.0
2291,,,,,,,,1.0
318,,,,,,,,1.0
610,,,,,,,,0.0
2046,,,,,,,,1.0
1422,,,,,,,,1.0
2526,,,,,,,,0.0
1653,,,,,,,,1.0
1032,,,,,,,,1.0
393,,,,,,,,1.0
765,,,,,,,,1.0
2650,,,,,,,,0.0
952,,,,,,,,1.0
2405,,,,,,,,0.0
1818,,,,,,,,0.0
1909,,,,,,,,0.0
655,,,,,,,,0.0
817,,,,,,,,1.0
2505,,,,,,,,1.0
2154,,,,,,,,1.0
1767,,,,,,,,1.0
695,,,,,,,,1.0
1828,,,,,,,,1.0
1094,,,,,,,,1.0
1097,,,,,,,,1.0
1869,,,,,,,,0.0
2605,,,,,,,,0.0
970,,,,,,,,1.0
168,,,,,,,,1.0
2652,,,,,,,,0.0
1708,,,,,,,,1.0
719,,,,,,,,1.0
2325,,,,,,,,1.0
1186,,,,,,,,1.0
1436,,,,,,,,0.0
194,,,,,,,,1.0
2164,,,,,,,,1.0
862,,,,,,,,0.0
944,,,,,,,,0.0
414,,,,,,,,1.0
1360,,,,,,,,0.0
478,,,,,,,,1.0
2436,,,,,,,,0.0
1988,,,,,,,,0.0
1706,,,,,,,,0.0
834,,,,,,,,1.0
1650,,,,,,,,1.0
2290,,,,,,,,1.0
2534,,,,,,,,0.0
1423,,,,,,,,1.0
998,,,,,,,,1.0
821,,,,,,,,1.0
2569,,,,,,,,1.0
93,,,,,,,,1.0
233,,,,,,,,1.0
1508,,,,,,,,1.0
831,,,,,,,,1.0
2179,,,,,,,,0.0
2572,,,,,,,,1.0
2057,,,,,,,,1.0
134,,,,,,,,1.0
210,,,,,,,,1.0
2167,,,,,,,,1.0
2422,,,,,,,,0.0
1760,,,,,,,,0.0
1671,,,,,,,,0.0
785,,,,,,,,1.0
2518,,,,,,,,0.0
1368,,,,,,,,0.0
460,,,,,,,,1.0
649,,,,,,,,0.0
1874,,,,,,,,0.0
321,,,,,,,,1.0
298,,,,,,,,1.0
254,,,,,,,,0.0
1036,,,,,,,,0.0
568,,,,,,,,1.0
178,,,,,,,,1.0
1849,,,,,,,,0.0
368,,,,,,,,1.0
1667,,,,,,,,0.0
926,,,,,,,,0.0
2250,,,,,,,,1.0
1221,,,,,,,,1.0
1014,,,,,,,,1.0
940,,,,,,,,0.0
2411,,,,,,,,0.0
1272,,,,,,,,1.0
199,,,,,,,,1.0
976,,,,,,,,1.0
509,,,,,,,,1.0
246,,,,,,,,0.0
2123,,,,,,,,0.0
464,,,,,,,,1.0
2548,,,,,,,,0.0
1192,,,,,,,,1.0
1745,,,,,,,,1.0
1703,,,,,,,,0.0
1911,,,,,,,,0.0
1610,,,,,,,,1.0
1560,,,,,,,,0.0
2022,,,,,,,,0.0
2299,,,,,,,,0.0
1106,,,,,,,,1.0
1501,,,,,,,,1.0
104,,,,,,,,1.0
2370,,,,,,,,1.0
1283,,,,,,,,1.0
2224,,,,,,,,0.0
435,,,,,,,,1.0
990,,,,,,,,1.0
1850,,,,,,,,0.0
226,,,,,,,,0.0
231,,,,,,,,0.0
527,,,,,,,,0.0
902,,,,,,,,0.0
111,,,,,,,,0.0
51,,,,,,,,1.0
1381,,,,,,,,0.0
2377,,,,,,,,0.0
1080,,,,,,,,1.0
1366,,,,,,,,1.0
1099,,,,,,,,1.0
1288,,,,,,,,1.0
2064,,,,,,,,0.0
1263,,,,,,,,0.0
1749,,,,,,,,0.0
1477,,,,,,,,1.0
911,,,,,,,,1.0
2366,,,,,,,,1.0
439,,,,,,,,0.0
2608,,,,,,,,0.0
212,,,,,,,,1.0
1748,,,,,,,,0.0
1783,,,,,,,,0.0
2033,,,,,,,,1.0
2455,,,,,,,,0.0
581,,,,,,,,1.0
1624,,,,,,,,0.0
1829,,,,,,,,1.0
218,,,,,,,,0.0
1832,,,,,,,,1.0
2116,,,,,,,,1.0
632,,,,,,,,0.0
783,,,,,,,,1.0
794,,,,,,,,1.0
1490,,,,,,,,1.0
1084,,,,,,,,1.0
2347,,,,,,,,1.0
2508,,,,,,,,0.0
436,,,,,,,,1.0
1266,,,,,,,,0.0
1124,,,,,,,,0.0
1187,,,,,,,,1.0
1834,,,,,,,,1.0
1486,,,,,,,,1.0
463,,,,,,,,1.0
617,,,,,,,,1.0
1302,,,,,,,,0.0
2304,,,,,,,,0.0
2195,,,,,,,,0.0
1675,,,,,,,,0.0
2081,,,,,,,,1.0
1135,,,,,,,,1.0
945,,,,,,,,0.0
450,,,,,,,,0.0
259,,,,,,,,0.0
96,,,,,,,,1.0
251,,,,,,,,0.0
2124,,,,,,,,0.0
2506,,,,,,,,0.0
443,,,,,,,,1.0
2575,,,,,,,,1.0
2114,,,,,,,,0.0
1453,,,,,,,,1.0
2415,,,,,,,,0.0
2059,,,,,,,,1.0
1897,,,,,,,,1.0
1269,,,,,,,,1.0
1771,,,,,,,,1.0
1622,,,,,,,,0.0
1237,,,,,,,,1.0
2369,,,,,,,,1.0
2222,,,,,,,,1.0
2653,,,,,,,,0.0
807,,,,,,,,0.0
1190,,,,,,,,1.0
2388,,,,,,,,0.0
408,,,,,,,,1.0
1777,,,,,,,,1.0
829,,,,,,,,1.0
1027,,,,,,,,0.0
2337,,,,,,,,1.0
432,,,,,,,,1.0
2281,,,,,,,,1.0
1337,,,,,,,,1.0
611,,,,,,,,1.0
30,,,,,,,,1.0
387,,,,,,,,1.0
1962,,,,,,,,0.0
1463,,,,,,,,0.0
1386,,,,,,,,1.0
2247,,,,,,,,1.0
1033,,,,,,,,0.0
1778,,,,,,,,1.0
67,,,,,,,,1.0
1061,,,,,,,,0.0
1220,,,,,,,,1.0
620,,,,,,,,0.0
2315,,,,,,,,1.0
1461,,,,,,,,1.0
1940,,,,,,,,1.0
1093,,,,,,,,1.0
237,,,,,,,,1.0
2104,,,,,,,,0.0
836,,,,,,,,0.0
109,,,,,,,,0.0
471,,,,,,,,1.0
781,,,,,,,,1.0
2444,,,,,,,,0.0
163,,,,,,,,0.0
1657,,,,,,,,0.0
965,,,,,,,,1.0
252,,,,,,,,0.0
1952,,,,,,,,1.0
2524,,,,,,,,0.0
1825,,,,,,,,1.0
2089,,,,,,,,1.0
1057,,,,,,,,1.0
2293,,,,,,,,1.0
2484,,,,,,,,0.0
1558,,,,,,,,0.0
1503,,,,,,,,1.0
1146,,,,,,,,1.0
2067,,,,,,,,0.0
2353,,,,,,,,1.0
2588,,,,,,,,1.0
2487,,,,,,,,0.0
1738,,,,,,,,1.0
756,,,,,,,,1.0
521,,,,,,,,0.0
2130,,,,,,,,0.0
422,,,,,,,,0.0
1451,,,,,,,,0.0
495,,,,,,,,1.0
605,,,,,,,,1.0
1462,,,,,,,,0.0
1672,,,,,,,,0.0
1590,,,,,,,,1.0
567,,,,,,,,1.0
1916,,,,,,,,1.0
2111,,,,,,,,0.0
1565,,,,,,,,0.0
100,,,,,,,,0.0
315,,,,,,,,1.0
2066,,,,,,,,0.0
651,,,,,,,,0.0
1817,,,,,,,,0.0
1295,,,,,,,,0.0
809,,,,,,,,1.0
261,,,,,,,,1.0
2163,,,,,,,,0.0
1655,,,,,,,,0.0
1712,,,,,,,,1.0
1609,,,,,,,,1.0
2138,,,,,,,,1.0
179,,,,,,,,1.0
322,,,,,,,,0.0
962,,,,,,,,1.0
1920,,,,,,,,1.0
257,,,,,,,,1.0
867,,,,,,,,1.0
1050,,,,,,,,1.0
1593,,,,,,,,1.0
2283,,,,,,,,0.0
1886,,,,,,,,1.0
2480,,,,,,,,0.0
291,,,,,,,,1.0
141,,,,,,,,1.0
554,,,,,,,,0.0
2578,,,,,,,,1.0
790,,,,,,,,1.0
1226,,,,,,,,0.0
679,,,,,,,,1.0
2328,,,,,,,,1.0
802,,,,,,,,0.0
2144,,,,,,,,0.0
1339,,,,,,,,1.0
1340,,,,,,,,1.0
1000,,,,,,,,1.0
1174,,,,,,,,1.0
840,,,,,,,,1.0
707,,,,,,,,0.0
1744,,,,,,,,1.0
1904,,,,,,,,0.0
247,,,,,,,,0.0
1105,,,,,,,,0.0
486,,,,,,,,1.0
1711,,,,,,,,1.0
2037,,,,,,,,1.0
2119,,,,,,,,0.0
2517,,,,,,,,0.0
347,,,,,,,,0.0
2279,,,,,,,,1.0
1626,,,,,,,,1.0
29,,,,,,,,1.0
650,,,,,,,,0.0
2148,,,,,,,,0.0
2580,,,,,,,,0.0
135,,,,,,,,0.0
1989,,,,,,,,0.0
1274,,,,,,,,1.0
1418,,,,,,,,0.0
1362,,,,,,,,0.0
2332,,,,,,,,0.0
2531,,,,,,,,1.0
2617,,,,,,,,0.0
157,,,,,,,,1.0
445,,,,,,,,1.0
2529,,,,,,,,0.0
907,,,,,,,,1.0
1467,,,,,,,,0.0
879,,,,,,,,1.0
1880,,,,,,,,0.0
1231,,,,,,,,1.0
332,,,,,,,,1.0
2265,,,,,,,,1.0
532,,,,,,,,1.0
1502,,,,,,,,1.0
782,,,,,,,,1.0
149,,,,,,,,0.0
1161,,,,,,,,1.0
1210,,,,,,,,0.0
1509,,,,,,,,1.0
1588,,,,,,,,1.0
353,,,,,,,,1.0
208,,,,,,,,1.0
2275,,,,,,,,0.0
2177,,,,,,,,0.0
1376,,,,,,,,1.0
1185,,,,,,,,1.0
57,,,,,,,,0.0
2043,,,,,,,,1.0
1851,,,,,,,,1.0
229,,,,,,,,0.0
2523,,,,,,,,0.0
2263,,,,,,,,1.0
874,,,,,,,,1.0
1435,,,,,,,,0.0
979,,,,,,,,1.0
69,,,,,,,,0.0
1196,,,,,,,,1.0
958,,,,,,,,0.0
861,,,,,,,,0.0
1510,,,,,,,,0.0
1992,,,,,,,,1.0
